timestamp,battery_voltage,temperature,cpu_load,signal_strength,anomaly
2026-06-13T14:16:57.271941,29.41,7.46,68.27,60.2,1
2026-06-13T14:16:57.271976,27.38,30.27,17.66,65.28,1
2026-06-13T14:16:57.271987,27.95,26.82,26.19,71.26,1
2026-06-13T14:16:57.271994,29.7,13.47,20.8,55.9,1
2026-06-13T14:16:57.272000,29.05,29.09,74.04,78.03,1
2026-06-13T14:16:57.272007,29.34,-18.6,83.96,71.11,-1
2026-06-13T14:16:57.272013,29.68,3.86,74.42,71.85,1
2026-06-13T14:16:57.272019,28.33,27.57,25.38,65.62,1
2026-06-13T14:16:57.272025,27.7,13.43,59.3,59.62,1
2026-06-13T14:16:57.272031,27.41,-7.05,19.2,97.55,1
2026-06-13T14:16:57.272037,27.26,13.54,48.39,76.23,1
2026-06-13T14:16:57.272043,27.27,54.36,13.09,59.5,1
2026-06-13T14:16:57.272050,28.83,-17.77,78.13,53.7,1
2026-06-13T14:16:57.272055,27.57,49.55,54.15,82.84,1
2026-06-13T14:16:57.272061,28.35,-3.19,72.09,86.32,1
2026-06-13T14:16:57.272067,28.39,20.99,51.27,57.41,1
2026-06-13T14:16:57.272073,26.68,7.22,15.68,51.61,1
2026-06-13T14:16:57.272079,27.3,19.95,18.74,83.49,1
2026-06-13T14:16:57.272091,28.43,39.69,63.44,94.32,1
2026-06-13T14:16:57.272097,26.01,-4.01,57.4,64.37,1
2026-06-13T14:16:57.272103,29.35,-8.29,39.66,51.65,1
2026-06-13T14:16:57.272109,29.73,18.76,51.92,60.26,1
2026-06-13T14:16:57.272114,28.16,-1.41,41.88,55.66,1
2026-06-13T14:16:57.272120,28.82,-9.78,22.23,95.26,1
2026-06-13T14:16:57.272126,27.67,51.87,88.92,75.23,1
2026-06-13T14:16:57.272132,29.29,15.8,32.63,80.49,1
2026-06-13T14:16:57.272138,27.03,-8.35,76.74,61.87,1
2026-06-13T14:16:57.272144,29.59,59.92,34.63,74.77,1
2026-06-13T14:16:57.272150,29.35,53.92,42.05,71.99,1
2026-06-13T14:16:57.272156,27.07,3.22,46.44,60.59,1
2026-06-13T14:16:57.272162,28.49,44.8,82.91,90.38,1
2026-06-13T14:16:57.272168,27.87,37.57,44.75,75.19,1
2026-06-13T14:16:57.272173,29.74,4.68,12.4,97.29,-1
2026-06-13T14:16:57.272182,27.13,-5.88,83.61,87.95,1
2026-06-13T14:16:57.272188,26.56,-8.35,37.64,74.93,1
2026-06-13T14:16:57.272194,29.62,42.17,77.24,54.12,1
2026-06-13T14:16:57.272200,26.23,-16.29,53.91,82.55,1
2026-06-13T14:16:57.272212,28.72,-4.32,40.63,58.59,1
2026-06-13T14:16:57.272218,28.77,12.23,44.36,55.45,1
2026-06-13T14:16:57.272224,27.17,47.29,11.51,95.16,1
2026-06-13T14:16:57.272230,28.78,8.53,18.71,68.25,1
2026-06-13T14:16:57.272236,27.81,59.12,81.25,67.46,1
2026-06-13T14:16:57.272242,29.91,42.79,23.79,59.81,1
2026-06-13T14:16:57.272248,29.98,-18.19,20.3,95.2,-1
2026-06-13T14:16:57.272254,28.68,43.02,19.29,61.35,1
2026-06-13T14:16:57.272260,28.86,37.54,39.94,73.36,1
2026-06-13T14:16:57.272266,28.12,-15.65,10.32,64.82,1
2026-06-13T14:16:57.272272,26.87,59.31,87.3,93.23,-1
2026-06-13T14:16:57.272277,27.86,9.72,13.94,74.28,1
2026-06-13T14:16:57.272283,29.1,-3.94,68.58,61.21,1
2026-06-13T14:16:57.272289,27.55,41.93,27.61,85.41,1
2026-06-13T14:16:57.272295,29.15,46.9,26.18,50.74,1
2026-06-13T14:16:57.272301,28.33,44.83,29.18,90.06,1
2026-06-13T14:16:57.272307,27.32,46.57,16.18,95.33,1
2026-06-13T14:16:57.272313,27.95,24.65,57.54,65.25,1
2026-06-13T14:16:57.272318,27.74,25.77,40.45,81.94,1
2026-06-13T14:16:57.272324,29.61,1.94,84.05,62.54,1
2026-06-13T14:16:57.272330,29.1,57.56,68.82,61.85,1
2026-06-13T14:16:57.272336,26.83,-12.2,19.27,63.15,1
2026-06-13T14:16:57.272342,26.06,2.07,30.13,96.96,1
2026-06-13T14:16:57.272348,27.69,-11.41,50.25,59.14,1
2026-06-13T14:16:57.272354,27.78,8.3,54.03,54.67,1
2026-06-13T14:16:57.272360,29.36,59.58,78.56,53.67,-1
2026-06-13T14:16:57.272366,29.12,40.24,34.3,94.9,1
2026-06-13T14:16:57.272372,29.95,0.72,26.27,57.85,1
2026-06-13T14:16:57.272381,29.11,53.39,75.15,60.98,1
2026-06-13T14:16:57.272388,27.94,9.97,81.25,75.86,1
2026-06-13T14:16:57.272394,26.34,35.53,51.57,50.64,1
2026-06-13T14:16:57.272399,26.75,-19.14,88.48,91.36,-1
2026-06-13T14:16:57.272405,29.23,29.9,73.1,92.71,1
2026-06-13T14:16:57.272428,26.12,18.7,69.51,76.59,1
2026-06-13T14:16:57.272434,26.1,-12.82,58.44,87.29,1
2026-06-13T14:16:57.272443,27.43,36.9,18.36,71.68,1
2026-06-13T14:16:57.272449,27.25,39.59,59.86,70.11,1
2026-06-13T14:16:57.272455,26.08,48.51,59.28,80.11,1
2026-06-13T14:16:57.272461,26.06,55.9,71.37,60.31,1
2026-06-13T14:16:57.272467,29.88,27.65,24.38,72.6,1
2026-06-13T14:16:57.272474,28.23,-17.04,83.28,99.18,-1
2026-06-13T14:16:57.272480,26.16,-1.74,74.32,59.35,1
2026-06-13T14:16:57.272487,29.69,7.91,63.42,50.3,1
2026-06-13T14:16:57.272493,29.58,7.3,66.98,80.57,1
2026-06-13T14:16:57.272499,28.21,-16.34,27.33,52.81,1
2026-06-13T14:16:57.272504,26.68,-13.25,70.73,63.9,1
2026-06-13T14:16:57.272510,28.77,49.08,67.84,55.36,1
2026-06-13T14:16:57.272516,29.28,57.66,32.35,52.48,1
2026-06-13T14:16:57.272522,27.38,22.58,89.31,54.81,1
2026-06-13T14:16:57.272528,29.92,-0.93,77.83,51.4,-1
2026-06-13T14:16:57.272534,27.93,-7.53,24.59,72.09,1
2026-06-13T14:16:57.272539,28.0,10.2,36.94,70.06,1
2026-06-13T14:16:57.272546,27.2,40.81,54.9,79.81,1
2026-06-13T14:16:57.272551,27.29,15.41,18.36,72.2,1
2026-06-13T14:16:57.272557,29.1,40.38,17.73,54.02,1
2026-06-13T14:16:57.272563,29.61,-16.62,35.15,52.99,1
2026-06-13T14:16:57.272569,27.09,43.59,60.53,75.62,1
2026-06-13T14:16:57.272576,29.72,17.29,39.78,92.51,1
2026-06-13T14:16:57.272581,29.34,22.91,12.68,54.29,1
2026-06-13T14:16:57.272587,27.21,26.57,16.82,79.59,1
2026-06-13T14:16:57.272596,28.5,-16.99,43.46,95.54,1
2026-06-13T14:16:57.272602,28.04,48.34,62.14,81.52,1
2026-06-13T14:16:57.272608,28.81,1.16,66.44,93.58,1
2026-06-13T14:16:57.272614,28.35,23.36,62.37,65.23,1
2026-06-13T14:16:57.272620,27.44,-0.07,19.1,73.9,1
2026-06-13T14:16:57.272629,26.39,55.58,10.53,74.13,-1
2026-06-13T14:16:57.272635,27.7,-8.24,81.45,73.07,1
2026-06-13T14:16:57.272641,26.98,2.1,18.71,58.25,1
2026-06-13T14:16:57.272647,28.77,21.7,69.5,80.67,1
2026-06-13T14:16:57.272653,28.92,19.07,47.6,72.32,1
2026-06-13T14:16:57.272659,27.94,-15.74,72.55,95.03,1
2026-06-13T14:16:57.272665,28.85,-7.96,52.47,86.78,1
2026-06-13T14:16:57.272671,26.25,-5.98,65.46,98.55,1
2026-06-13T14:16:57.272677,26.88,-1.87,77.36,69.24,1
2026-06-13T14:16:57.272683,28.56,12.41,66.73,66.04,1
2026-06-13T14:16:57.272689,26.23,14.2,89.78,57.4,1
2026-06-13T14:16:57.272695,27.58,-5.15,46.87,95.2,1
2026-06-13T14:16:57.272700,26.3,44.78,12.63,82.84,1
2026-06-13T14:16:57.272706,26.69,41.64,39.33,86.23,1
2026-06-13T14:16:57.272716,28.88,59.64,63.48,93.38,1
2026-06-13T14:16:57.272722,26.49,41.47,72.71,52.3,1
2026-06-13T14:16:57.272728,29.33,8.06,66.63,70.77,1
2026-06-13T14:16:57.272734,27.8,33.74,73.74,90.83,1
2026-06-13T14:16:57.272744,26.25,14.24,54.59,53.92,1
2026-06-13T14:16:57.272750,27.83,10.32,66.61,55.0,1
2026-06-13T14:16:57.272756,27.78,16.47,66.94,58.71,1
2026-06-13T14:16:57.272761,26.8,-11.27,88.47,98.41,1
2026-06-13T14:16:57.272787,26.41,-6.53,62.88,58.61,1
2026-06-13T14:16:57.272794,29.93,-11.16,14.18,50.99,-1
2026-06-13T14:16:57.272799,29.04,-11.77,84.64,89.36,1
2026-06-13T14:16:57.272805,26.74,44.93,14.79,93.25,1
2026-06-13T14:16:57.272811,26.43,14.46,58.17,65.75,1
2026-06-13T14:16:57.272825,26.67,2.96,64.2,98.46,1
2026-06-13T14:16:57.272831,26.53,6.13,81.31,80.1,1
2026-06-13T14:16:57.272837,29.86,52.86,59.23,99.37,-1
2026-06-13T14:16:57.272843,27.27,42.66,66.25,58.87,1
2026-06-13T14:16:57.272849,27.83,31.53,67.11,78.79,1
2026-06-13T14:16:57.272858,29.2,44.59,31.97,90.01,1
2026-06-13T14:16:57.272864,26.56,-5.11,42.75,80.53,1
2026-06-13T14:16:57.272873,28.69,10.15,33.17,96.88,1
2026-06-13T14:16:57.272879,29.2,45.48,82.98,62.5,1
2026-06-13T14:16:57.272885,28.64,-5.5,76.11,62.2,1
2026-06-13T14:16:57.272891,28.0,38.74,25.31,75.79,1
2026-06-13T14:16:57.272897,28.23,-5.33,67.95,95.19,1
2026-06-13T14:16:57.272903,27.19,7.28,29.48,60.56,1
2026-06-13T14:16:57.272909,27.02,56.3,47.64,95.33,1
2026-06-13T14:16:57.272914,28.03,-13.46,42.32,83.67,1
2026-06-13T14:16:57.272920,28.66,12.06,43.55,72.84,1
2026-06-13T14:16:57.272926,29.04,51.34,48.37,64.95,1
2026-06-13T14:16:57.272932,28.16,7.83,15.76,62.69,1
2026-06-13T14:16:57.272938,29.46,-15.65,39.46,80.37,1
2026-06-13T14:16:57.272944,28.08,16.91,63.68,52.7,1
2026-06-13T14:16:57.272950,29.03,33.19,59.16,59.56,1
2026-06-13T14:16:57.272957,28.33,1.55,65.72,76.83,1
2026-06-13T14:16:57.272962,28.9,56.89,43.12,72.88,1
2026-06-13T14:16:57.272968,28.53,15.18,45.36,64.8,1
2026-06-13T14:16:57.272974,28.98,4.35,48.53,93.27,1
2026-06-13T14:16:57.272980,28.72,-11.0,72.39,67.68,1
2026-06-13T14:16:57.272986,27.29,-6.01,77.54,78.31,1
2026-06-13T14:16:57.272991,26.9,-12.89,78.94,69.26,1
2026-06-13T14:16:57.272998,26.18,17.05,33.56,57.59,1
2026-06-13T14:16:57.273004,27.63,34.16,17.63,55.68,1
2026-06-13T14:16:57.273010,26.83,9.12,59.61,80.79,1
2026-06-13T14:16:57.273016,29.42,53.28,68.22,67.3,1
2026-06-13T14:16:57.273025,29.96,52.7,32.87,99.2,-1
2026-06-13T14:16:57.273031,27.25,41.9,54.71,60.1,1
2026-06-13T14:16:57.273037,28.17,11.31,49.8,54.65,1
2026-06-13T14:16:57.273043,29.05,24.54,72.06,92.28,1
2026-06-13T14:16:57.273048,29.85,18.5,33.57,99.95,1
2026-06-13T14:16:57.273057,26.78,34.26,37.12,77.43,1
2026-06-13T14:16:57.273063,29.22,49.93,46.69,79.93,1
2026-06-13T14:16:57.273069,28.69,8.63,54.27,94.74,1
2026-06-13T14:16:57.273075,28.97,18.8,49.68,57.64,1
2026-06-13T14:16:57.273081,26.63,22.18,49.02,54.66,1
2026-06-13T14:16:57.273090,29.86,-19.93,29.63,56.01,-1
2026-06-13T14:16:57.273096,27.93,-18.9,63.78,79.75,1
2026-06-13T14:16:57.273102,27.97,-14.23,56.28,63.68,1
2026-06-13T14:16:57.273108,27.67,23.58,22.88,97.52,1
2026-06-13T14:16:57.273114,27.83,4.5,21.53,88.55,1
2026-06-13T14:16:57.273120,27.09,9.2,38.15,51.34,1
2026-06-13T14:16:57.273126,27.12,41.37,84.75,59.07,1
2026-06-13T14:16:57.273132,26.47,8.44,27.31,90.89,1
2026-06-13T14:16:57.273138,26.21,-11.93,79.51,95.47,1
2026-06-13T14:16:57.273144,29.68,59.51,53.91,96.14,-1
2026-06-13T14:16:57.273149,29.03,7.6,86.19,72.13,1
2026-06-13T14:16:57.273155,27.43,16.83,81.72,58.03,1
2026-06-13T14:16:57.273161,26.83,-4.91,77.12,88.71,1
2026-06-13T14:16:57.273167,28.88,-13.48,50.03,76.29,1
2026-06-13T14:16:57.273173,26.91,46.18,23.16,57.01,1
2026-06-13T14:16:57.273179,27.53,-5.34,75.23,53.96,1
2026-06-13T14:16:57.273184,28.36,18.71,19.41,83.59,1
2026-06-13T14:16:57.273190,28.74,12.7,81.81,94.14,1
2026-06-13T14:16:57.273196,26.58,15.99,44.81,61.18,1
2026-06-13T14:16:57.273202,28.5,-4.56,32.9,52.58,1
2026-06-13T14:16:57.273208,29.69,31.61,79.09,70.51,1
2026-06-13T14:16:57.273213,27.28,18.87,10.33,76.5,1
2026-06-13T14:16:57.273223,29.33,46.46,11.51,59.76,1
2026-06-13T14:16:57.273229,26.3,52.42,62.12,55.5,1
2026-06-13T14:16:57.273235,27.81,26.96,35.43,66.04,1
2026-06-13T14:16:57.273240,29.87,50.77,77.38,58.27,1
2026-06-13T14:16:57.273249,27.24,9.77,12.46,75.52,1
2026-06-13T14:16:57.273256,28.63,2.21,39.67,56.47,1
2026-06-13T14:16:57.273261,29.91,25.11,15.08,50.68,-1
2026-06-13T14:16:57.273270,28.15,57.64,79.12,67.46,1
2026-06-13T14:16:57.273277,27.97,13.73,60.81,63.4,1
2026-06-13T14:16:57.273283,27.08,26.19,39.61,87.65,1
2026-06-13T14:16:57.273289,27.53,-17.07,20.3,50.32,-1
2026-06-13T14:16:57.273295,29.79,-3.61,86.0,70.0,1
2026-06-13T14:16:57.273301,28.01,-10.99,56.83,53.79,1
2026-06-13T14:16:57.273306,28.05,38.87,73.5,51.42,1
2026-06-13T14:16:57.273312,26.96,-9.78,71.67,80.74,1
2026-06-13T14:16:57.273318,26.17,30.7,60.98,94.19,1
2026-06-13T14:16:57.273324,29.48,-14.87,42.57,76.22,1
2026-06-13T14:16:57.273330,26.16,47.18,34.46,84.98,1
2026-06-13T14:16:57.273336,29.55,6.04,30.67,64.41,1
2026-06-13T14:16:57.273342,28.4,47.41,79.98,85.44,1
2026-06-13T14:16:57.273348,26.23,-9.9,83.24,74.78,1
2026-06-13T14:16:57.273354,26.68,19.88,39.22,52.45,1
2026-06-13T14:16:57.273359,27.44,-8.41,59.85,55.45,1
2026-06-13T14:16:57.273365,26.96,14.69,66.49,66.35,1
2026-06-13T14:16:57.273371,29.16,52.79,14.68,52.42,1
2026-06-13T14:16:57.273377,29.91,46.83,30.93,99.41,1
2026-06-13T14:16:57.273383,29.34,24.43,13.67,90.88,1
2026-06-13T14:16:57.273388,29.16,6.17,65.24,83.4,1
2026-06-13T14:16:57.273394,28.51,6.54,27.82,99.09,1
2026-06-13T14:16:57.273403,28.1,55.82,25.44,99.84,-1
2026-06-13T14:16:57.273409,29.86,49.01,52.81,83.94,1
2026-06-13T14:16:57.273415,28.26,-19.85,56.62,93.42,1
2026-06-13T14:16:57.273425,28.39,39.65,76.04,71.92,1
2026-06-13T14:16:57.273431,27.13,-12.87,25.38,70.1,1
2026-06-13T14:16:57.273437,27.52,-9.48,67.22,72.73,1
2026-06-13T14:16:57.273443,27.7,-17.81,59.05,93.56,1
2026-06-13T14:16:57.273452,26.98,-13.81,88.56,50.48,-1
2026-06-13T14:16:57.273458,28.91,11.05,45.72,68.5,1
2026-06-13T14:16:57.273464,26.82,3.44,62.26,67.85,1
2026-06-13T14:16:57.273470,28.01,-16.2,46.87,57.46,1
2026-06-13T14:16:57.273476,29.08,-11.4,38.03,50.88,1
2026-06-13T14:16:57.273482,29.7,-4.6,68.09,91.26,1
2026-06-13T14:16:57.273489,28.34,30.96,65.3,57.42,1
2026-06-13T14:16:57.273495,27.84,-0.13,51.95,51.39,1
2026-06-13T14:16:57.273501,27.85,-17.93,35.28,98.97,-1
2026-06-13T14:16:57.273507,27.61,48.27,88.47,67.7,1
2026-06-13T14:16:57.273512,28.78,-12.83,42.88,84.71,1
2026-06-13T14:16:57.273518,26.88,7.4,40.61,66.15,1
2026-06-13T14:16:57.273524,28.34,56.03,22.79,63.58,1
2026-06-13T14:16:57.273530,28.1,54.95,56.99,61.66,1
2026-06-13T14:16:57.273536,27.71,37.27,24.18,79.02,1
2026-06-13T14:16:57.273542,27.14,38.08,44.27,73.22,1
2026-06-13T14:16:57.273553,26.17,0.84,44.99,83.49,1
2026-06-13T14:16:57.273559,28.22,25.11,33.2,90.87,1
2026-06-13T14:16:57.273565,26.59,4.03,14.24,82.42,1
2026-06-13T14:16:57.273571,27.43,57.08,22.02,78.49,1
2026-06-13T14:16:57.273577,27.1,36.72,71.39,80.89,1
2026-06-13T14:16:57.273583,26.19,-8.06,57.3,63.23,1
2026-06-13T14:16:57.273589,28.08,41.96,30.93,98.74,1
2026-06-13T14:16:57.273594,28.33,17.75,68.56,80.19,1
2026-06-13T14:16:57.273600,26.3,34.62,81.05,71.9,1
2026-06-13T14:16:57.273621,26.56,53.98,46.6,94.5,1
2026-06-13T14:16:57.273627,26.72,31.01,66.97,89.04,1
2026-06-13T14:16:57.273636,28.37,10.4,13.22,88.58,1
2026-06-13T14:16:57.273642,26.41,41.73,57.57,54.83,1
2026-06-13T14:16:57.273647,27.83,23.91,59.84,57.56,1
2026-06-13T14:16:57.273653,26.45,55.88,47.22,76.62,1
2026-06-13T14:16:57.273659,27.76,-11.87,26.87,56.62,1
2026-06-13T14:16:57.273667,29.24,-7.6,53.19,96.5,1
2026-06-13T14:16:57.273673,28.32,-1.93,71.05,61.92,1
2026-06-13T14:16:57.273681,27.13,39.82,44.9,70.53,1
2026-06-13T14:16:57.273687,26.02,-11.09,85.14,96.07,-1
2026-06-13T14:16:57.273693,29.24,23.99,49.76,56.96,1
2026-06-13T14:16:57.273699,29.52,-11.41,76.39,64.91,1
2026-06-13T14:16:57.273704,27.81,7.19,47.94,81.18,1
2026-06-13T14:16:57.273710,26.41,52.87,82.69,65.83,1
2026-06-13T14:16:57.273716,27.4,32.35,14.02,57.54,1
2026-06-13T14:16:57.273722,28.64,17.7,29.16,85.53,1
2026-06-13T14:16:57.273728,27.74,9.12,60.24,86.77,1
2026-06-13T14:16:57.273733,29.7,13.58,86.05,77.82,1
2026-06-13T14:16:57.273739,29.91,40.36,85.06,73.68,1
2026-06-13T14:16:57.273747,28.09,19.12,40.75,65.36,1
2026-06-13T14:16:57.273753,26.42,-15.9,10.67,79.32,-1
2026-06-13T14:16:57.273759,27.91,-2.24,20.9,50.97,1
2026-06-13T14:16:57.273795,27.83,21.32,49.44,56.71,1
2026-06-13T14:16:57.273801,27.76,47.16,40.86,74.51,1
2026-06-13T14:16:57.273807,29.53,13.25,86.25,73.51,1
2026-06-13T14:16:57.273813,29.67,16.0,20.9,88.6,1
2026-06-13T14:16:57.273819,26.14,45.06,24.0,61.08,1
2026-06-13T14:16:57.273825,26.11,35.98,78.25,90.12,1
2026-06-13T14:16:57.273831,27.17,41.27,29.57,78.59,1
2026-06-13T14:16:57.273837,29.91,-9.85,73.44,92.66,1
2026-06-13T14:16:57.273843,26.39,-6.6,16.77,52.0,-1
2026-06-13T14:16:57.273849,26.2,42.72,75.04,66.26,1
2026-06-13T14:16:57.273855,26.15,15.01,23.92,70.66,1
2026-06-13T14:16:57.273864,26.79,9.02,88.5,88.63,1
2026-06-13T14:16:57.273870,28.13,29.56,56.9,89.94,1
2026-06-13T14:16:57.273876,26.38,57.08,66.3,92.53,1
2026-06-13T14:16:57.273882,26.82,24.41,66.88,87.49,1
2026-06-13T14:16:57.273888,28.07,33.2,11.15,79.85,1
2026-06-13T14:16:57.273896,26.01,15.75,35.58,63.43,1
2026-06-13T14:16:57.273902,27.08,7.15,18.84,57.89,1
2026-06-13T14:16:57.273908,27.66,0.06,63.76,55.28,1
2026-06-13T14:16:57.273914,28.34,-14.81,49.33,68.05,1
2026-06-13T14:16:57.273920,28.49,31.94,21.62,74.38,1
2026-06-13T14:16:57.273926,28.64,5.56,55.77,82.54,1
2026-06-13T14:16:57.273932,29.03,-15.9,64.92,87.74,1
2026-06-13T14:16:57.273938,29.22,47.88,11.13,90.91,1
2026-06-13T14:16:57.273944,27.2,4.48,53.83,64.36,1
2026-06-13T14:16:57.273949,28.3,36.77,53.58,80.88,1
2026-06-13T14:16:57.273955,27.37,14.04,19.81,95.33,1
2026-06-13T14:16:57.273961,28.33,-5.14,54.34,85.44,1
2026-06-13T14:16:57.273967,29.98,8.64,72.09,73.63,1
2026-06-13T14:16:57.273973,29.16,-13.45,67.62,51.17,1
2026-06-13T14:16:57.273978,28.54,23.11,51.52,67.71,1
2026-06-13T14:16:57.273984,29.96,17.6,41.9,73.52,1
2026-06-13T14:16:57.273991,27.78,31.85,14.68,63.11,1
2026-06-13T14:16:57.273997,28.76,24.5,53.57,97.21,1
2026-06-13T14:16:57.274002,29.26,56.35,59.23,71.56,1
2026-06-13T14:16:57.274008,26.72,21.63,52.63,70.37,1
2026-06-13T14:16:57.274015,29.0,43.28,60.66,91.73,1
2026-06-13T14:16:57.274021,26.7,26.17,86.84,98.85,1
2026-06-13T14:16:57.274026,29.01,26.54,32.83,95.22,1
2026-06-13T14:16:57.274032,26.97,44.75,50.76,99.18,1
2026-06-13T14:16:57.274038,29.48,50.18,86.16,69.95,1
2026-06-13T14:16:57.274044,29.96,56.84,32.28,89.92,-1
2026-06-13T14:16:57.274049,29.26,6.85,12.02,96.76,1
2026-06-13T14:16:57.274058,29.73,0.94,50.67,53.34,1
2026-06-13T14:16:57.274065,29.68,49.97,54.74,74.57,1
2026-06-13T14:16:57.274070,28.57,-17.68,38.31,62.89,1
2026-06-13T14:16:57.274076,29.21,31.66,60.06,60.76,1
2026-06-13T14:16:57.274087,26.4,15.8,19.06,89.95,1
2026-06-13T14:16:57.274093,26.94,49.5,37.55,72.21,1
2026-06-13T14:16:57.274099,28.5,31.91,11.32,80.82,1
2026-06-13T14:16:57.274108,27.07,50.98,18.54,50.68,1
2026-06-13T14:16:57.274114,29.67,7.95,11.37,71.99,1
2026-06-13T14:16:57.274120,28.74,-16.83,45.53,66.43,1
2026-06-13T14:16:57.274126,28.99,35.52,74.49,62.7,1
2026-06-13T14:16:57.274132,27.47,12.34,12.6,61.06,1
2026-06-13T14:16:57.274138,29.9,41.07,41.47,86.49,1
2026-06-13T14:16:57.274144,29.29,-19.69,81.22,66.04,1
2026-06-13T14:16:57.274149,26.15,10.07,22.82,80.98,1
2026-06-13T14:16:57.274155,26.86,42.11,12.27,85.86,1
2026-06-13T14:16:57.274161,29.22,37.4,22.12,55.4,1
2026-06-13T14:16:57.274167,27.21,17.91,51.23,72.3,1
2026-06-13T14:16:57.274173,28.9,-1.29,65.22,65.41,1
2026-06-13T14:16:57.274179,27.46,56.33,15.93,76.54,1
2026-06-13T14:16:57.274184,26.21,45.6,42.34,97.76,1
2026-06-13T14:16:57.274190,28.84,5.83,52.13,68.82,1
2026-06-13T14:16:57.274196,28.2,54.59,22.72,90.73,1
2026-06-13T14:16:57.274202,28.22,-8.83,68.6,77.05,1
2026-06-13T14:16:57.274208,26.82,7.65,20.48,72.85,1
2026-06-13T14:16:57.274214,28.96,33.53,44.9,93.04,1
2026-06-13T14:16:57.274219,28.89,-3.37,51.13,63.51,1
2026-06-13T14:16:57.274225,28.97,28.04,72.45,63.87,1
2026-06-13T14:16:57.274231,28.46,-1.41,54.83,83.44,1
2026-06-13T14:16:57.274237,27.31,25.21,51.27,97.52,1
2026-06-13T14:16:57.274243,26.45,8.12,46.92,97.46,1
2026-06-13T14:16:57.274248,26.97,-11.94,36.56,74.74,1
2026-06-13T14:16:57.274257,26.88,26.08,80.64,94.53,1
2026-06-13T14:16:57.274264,28.21,6.66,33.85,87.86,1
2026-06-13T14:16:57.274270,27.14,8.88,88.22,59.0,1
2026-06-13T14:16:57.274276,26.07,-2.02,27.3,73.96,1
2026-06-13T14:16:57.274285,27.89,30.41,43.55,91.73,1
2026-06-13T14:16:57.274291,29.94,15.64,18.6,94.02,1
2026-06-13T14:16:57.274297,26.34,32.48,79.77,89.01,1
2026-06-13T14:16:57.274302,26.77,-8.32,12.71,61.88,1
2026-06-13T14:16:57.274308,27.16,6.18,61.44,60.46,1
2026-06-13T14:16:57.274314,27.12,-8.18,68.15,57.47,1
2026-06-13T14:16:57.274320,28.79,39.99,26.13,91.8,1
2026-06-13T14:16:57.274326,28.4,-4.22,46.46,70.12,1
2026-06-13T14:16:57.274332,27.21,41.98,77.6,75.41,1
2026-06-13T14:16:57.274338,26.8,37.75,63.21,82.81,1
2026-06-13T14:16:57.274344,27.67,45.78,77.41,76.06,1
2026-06-13T14:16:57.274349,26.24,45.34,79.55,75.73,1
2026-06-13T14:16:57.274355,29.5,25.7,33.64,62.19,1
2026-06-13T14:16:57.274361,26.76,57.31,68.03,81.25,1
2026-06-13T14:16:57.274367,29.0,24.9,30.51,52.23,1
2026-06-13T14:16:57.274373,29.18,10.02,66.93,80.0,1
2026-06-13T14:16:57.274394,26.4,-4.71,13.94,62.52,1
2026-06-13T14:16:57.274400,28.34,16.13,26.27,75.58,1
2026-06-13T14:16:57.274405,28.97,49.58,50.9,51.73,1
2026-06-13T14:16:57.274414,27.12,43.82,64.19,87.95,1
2026-06-13T14:16:57.274420,26.28,57.04,19.29,51.97,-1
2026-06-13T14:16:57.274425,28.31,44.86,75.52,99.77,1
2026-06-13T14:16:57.274431,27.3,20.74,53.97,57.14,1
2026-06-13T14:16:57.274437,28.33,0.86,13.66,79.7,1
2026-06-13T14:16:57.274442,27.49,-11.8,23.99,96.01,1
2026-06-13T14:16:57.274448,28.31,42.79,59.67,52.82,1
2026-06-13T14:16:57.274454,27.29,-6.34,26.19,80.64,1
2026-06-13T14:16:57.274460,29.06,21.6,76.21,53.53,1
2026-06-13T14:16:57.274483,26.06,-14.79,86.76,87.6,-1
2026-06-13T14:16:57.274489,28.32,5.54,77.62,56.32,1
2026-06-13T14:16:57.274494,29.98,-7.82,48.86,73.98,1
2026-06-13T14:16:57.274499,29.35,14.71,31.33,91.0,1
2026-06-13T14:16:57.274507,27.96,33.66,64.3,66.11,1
2026-06-13T14:16:57.274513,29.06,23.32,79.0,88.88,1
2026-06-13T14:16:57.274518,29.95,28.53,49.13,80.18,1
2026-06-13T14:16:57.274526,28.97,-18.97,13.09,97.85,-1
2026-06-13T14:16:57.274532,26.67,-13.11,49.46,68.0,1
2026-06-13T14:16:57.274537,26.62,43.19,26.06,71.33,1
2026-06-13T14:16:57.274542,29.95,38.65,59.07,65.74,1
2026-06-13T14:16:57.274548,28.34,50.95,10.3,64.13,1
2026-06-13T14:16:57.274553,28.49,28.86,25.21,77.15,1
2026-06-13T14:16:57.274558,26.04,37.88,66.17,54.25,1
2026-06-13T14:16:57.274563,29.53,22.93,50.94,93.97,1
2026-06-13T14:16:57.274569,26.78,44.2,81.92,77.38,1
2026-06-13T14:16:57.274574,26.13,41.68,87.89,71.71,1
2026-06-13T14:16:57.274580,29.36,-8.83,49.56,75.61,1
2026-06-13T14:16:57.274586,29.96,36.56,14.25,54.08,-1
2026-06-13T14:16:57.274591,26.33,-10.79,35.03,83.41,1
2026-06-13T14:16:57.274596,27.12,56.53,58.68,71.66,1
2026-06-13T14:16:57.274602,28.67,30.24,21.49,79.51,1
2026-06-13T14:16:57.274607,29.1,42.46,34.17,60.84,1
2026-06-13T14:16:57.274612,26.64,2.85,11.36,73.25,1
2026-06-13T14:16:57.274617,28.01,48.35,20.36,93.85,1
2026-06-13T14:16:57.274622,28.38,10.93,37.67,88.61,1
2026-06-13T14:16:57.274628,27.42,43.27,81.06,95.03,1
2026-06-13T14:16:57.274633,27.67,53.49,30.17,64.96,1
2026-06-13T14:16:57.274638,26.64,23.49,52.47,75.43,1
2026-06-13T14:16:57.274643,28.44,-18.17,82.77,65.73,1
2026-06-13T14:16:57.274649,28.54,53.49,15.67,79.66,1
2026-06-13T14:16:57.274654,27.09,11.85,40.5,57.86,1
2026-06-13T14:16:57.274662,28.23,42.23,23.13,72.58,1
2026-06-13T14:16:57.274667,27.49,11.4,12.9,86.21,1
2026-06-13T14:16:57.274673,27.95,18.05,40.67,58.76,1
2026-06-13T14:16:57.274678,29.74,26.33,17.1,88.41,1
2026-06-13T14:16:57.274702,27.29,53.77,56.05,94.84,1
2026-06-13T14:16:57.274708,28.62,33.29,64.98,78.33,1
2026-06-13T14:16:57.274714,26.14,48.45,49.77,67.09,1
2026-06-13T14:16:57.274720,26.88,29.68,80.63,63.13,1
2026-06-13T14:16:57.274725,26.22,47.09,65.96,92.41,1
2026-06-13T14:16:57.274731,27.36,-7.01,82.84,78.83,1
2026-06-13T14:16:57.274739,29.09,23.68,34.7,60.2,1
2026-06-13T14:16:57.274745,29.75,17.54,58.27,50.74,1
2026-06-13T14:16:57.274751,29.4,33.49,70.79,87.62,1
2026-06-13T14:16:57.274756,27.91,38.72,11.61,91.01,1
2026-06-13T14:16:57.274775,26.35,24.97,26.39,89.26,1
2026-06-13T14:16:57.274781,29.05,0.6,67.91,56.36,1
2026-06-13T14:16:57.274787,29.83,44.17,74.93,70.11,1
2026-06-13T14:16:57.274792,28.29,53.8,18.1,65.08,1
2026-06-13T14:16:57.274798,27.46,4.42,26.9,79.86,1
2026-06-13T14:16:57.274804,29.68,6.51,13.2,51.88,1
2026-06-13T14:16:57.274809,28.63,0.19,67.65,84.19,1
2026-06-13T14:16:57.274815,28.91,21.81,80.3,81.89,1
2026-06-13T14:16:57.274821,28.37,24.98,82.27,99.54,1
2026-06-13T14:16:57.274826,27.67,23.09,44.08,73.81,1
2026-06-13T14:16:57.274832,26.74,46.35,80.34,53.56,1
2026-06-13T14:16:57.274838,26.5,26.27,34.09,79.17,1
2026-06-13T14:16:57.274843,29.04,38.77,45.81,86.17,1
2026-06-13T14:16:57.274849,29.46,40.18,68.19,89.65,1
2026-06-13T14:16:57.274855,29.65,35.07,87.5,80.72,1
2026-06-13T14:16:57.274860,26.94,-18.05,79.73,96.98,-1
2026-06-13T14:16:57.274866,28.65,-1.62,49.57,55.16,1
2026-06-13T14:16:57.274872,27.13,1.08,40.28,83.54,1
2026-06-13T14:16:57.274905,29.13,15.62,57.71,81.15,1
2026-06-13T14:16:57.274911,27.57,52.71,13.06,55.53,1
2026-06-13T14:16:57.274917,26.87,-4.61,53.69,68.95,1
2026-06-13T14:16:57.274925,26.83,41.18,74.35,66.37,1
2026-06-13T14:16:57.274932,27.93,16.65,59.16,86.77,1
2026-06-13T14:16:57.274937,28.69,5.65,28.54,60.28,1
2026-06-13T14:16:57.274943,28.52,9.59,78.46,71.52,1
2026-06-13T14:16:57.274952,26.9,24.85,35.43,72.91,1
2026-06-13T14:16:57.274958,26.7,-19.64,38.13,75.27,1
2026-06-13T14:16:57.274964,29.88,-14.83,19.2,79.83,1
2026-06-13T14:16:57.274971,26.14,22.24,81.6,73.04,1
2026-06-13T14:16:57.274976,29.13,55.6,76.4,67.93,1
2026-06-13T14:16:57.274982,27.4,10.34,75.87,59.85,1
2026-06-13T14:16:57.274988,28.19,29.69,82.27,58.77,1
2026-06-13T14:16:57.274994,27.97,45.38,17.87,86.25,1
2026-06-13T14:16:57.275000,26.6,7.23,51.79,69.55,1
2026-06-13T14:16:57.275006,28.97,20.01,10.73,78.76,1
2026-06-13T14:16:57.275011,26.65,39.96,21.23,73.39,1
2026-06-13T14:16:57.275017,27.4,-14.5,19.27,65.46,1
2026-06-13T14:16:57.275023,26.1,20.83,68.8,98.19,-1
2026-06-13T14:16:57.275029,29.2,34.56,30.96,58.37,1
2026-06-13T14:16:57.275035,29.25,-10.5,49.15,85.17,1
2026-06-13T14:16:57.275041,29.52,1.95,20.18,95.82,1
2026-06-13T14:16:57.275047,29.94,-9.06,57.68,91.09,1
2026-06-13T14:16:57.275053,28.57,24.31,89.71,93.77,1
2026-06-13T14:16:57.275058,28.87,14.96,52.28,65.11,1
2026-06-13T14:16:57.275064,28.48,-3.49,57.25,87.56,1
2026-06-13T14:16:57.275070,28.89,29.45,20.31,93.35,1
2026-06-13T14:16:57.275076,28.15,-14.69,24.76,92.2,1
2026-06-13T14:16:57.275082,26.94,39.55,89.09,79.67,1
2026-06-13T14:16:57.275091,27.74,12.92,12.67,60.26,1
2026-06-13T14:16:57.275097,29.16,-9.52,87.69,95.84,-1
2026-06-13T14:16:57.275105,26.7,-16.81,25.15,63.69,1
2026-06-13T14:16:57.275111,26.34,-10.89,19.95,75.19,1
2026-06-13T14:16:57.275117,26.5,11.76,62.38,77.57,1
2026-06-13T14:16:57.275126,27.19,7.67,23.64,52.41,1
2026-06-13T14:16:57.275132,29.21,-16.89,25.54,89.76,1
2026-06-13T14:16:57.275138,28.54,-11.16,11.02,60.25,1
2026-06-13T14:16:57.275144,27.45,-6.58,61.13,85.35,1
2026-06-13T14:16:57.275149,29.08,46.05,17.89,54.78,1
2026-06-13T14:16:57.275155,29.56,33.56,19.25,72.75,1
2026-06-13T14:16:57.275161,26.06,50.6,32.29,77.63,1
2026-06-13T14:16:57.275167,27.26,48.43,16.45,69.83,1
2026-06-13T14:16:57.275173,28.71,17.93,37.31,88.39,1
2026-06-13T14:16:57.275178,27.24,14.82,45.15,66.08,1
2026-06-13T14:16:57.275184,28.17,-0.96,86.71,98.26,1
2026-06-13T14:16:57.275190,28.09,-15.17,15.44,75.26,1
2026-06-13T14:16:57.275196,29.78,-4.67,87.79,77.6,1
2026-06-13T14:16:57.275202,28.49,45.09,28.91,92.38,1
2026-06-13T14:16:57.275208,29.53,10.53,79.74,94.03,1
2026-06-13T14:16:57.275214,29.66,27.93,84.23,61.92,1
2026-06-13T14:16:57.275220,28.33,-10.05,31.45,50.12,1
2026-06-13T14:16:57.275226,28.09,-6.48,83.59,50.19,1
2026-06-13T14:16:57.275231,27.06,-12.16,24.61,66.18,1
2026-06-13T14:16:57.275238,28.78,19.15,29.16,84.09,1
2026-06-13T14:16:57.275244,27.06,37.06,62.34,80.35,1
2026-06-13T14:16:57.275249,28.22,25.33,29.16,75.32,1
2026-06-13T14:16:57.275255,26.27,22.13,25.5,86.97,1
2026-06-13T14:16:57.275261,29.44,3.31,37.93,79.07,1
2026-06-13T14:16:57.275267,27.39,-18.36,60.57,79.14,1
2026-06-13T14:16:57.275273,29.1,30.39,63.52,74.4,1
2026-06-13T14:16:57.275279,26.39,-18.4,44.59,82.94,1
2026-06-13T14:16:57.275285,28.82,26.01,34.67,73.7,1
2026-06-13T14:16:57.275294,27.91,21.58,51.89,55.92,1
2026-06-13T14:16:57.275300,28.76,0.02,39.42,61.91,1
2026-06-13T14:16:57.275306,26.24,-7.02,31.13,55.74,1
2026-06-13T14:16:57.275312,27.85,47.5,63.19,81.98,1
2026-06-13T14:16:57.275320,26.38,39.7,22.2,76.12,1
2026-06-13T14:16:57.275326,28.58,27.36,71.45,61.43,1
2026-06-13T14:16:57.275332,29.99,-6.6,77.22,93.94,1
2026-06-13T14:16:57.275341,28.97,-5.06,12.1,72.2,1
2026-06-13T14:16:57.275347,29.35,28.63,34.43,83.29,1
2026-06-13T14:16:57.275353,26.58,-4.58,19.1,90.66,1
2026-06-13T14:16:57.275359,28.5,-18.77,45.29,75.76,1
2026-06-13T14:16:57.275365,29.91,16.3,61.8,57.27,1
2026-06-13T14:16:57.275371,27.8,-19.51,24.5,56.51,1
2026-06-13T14:16:57.275377,29.44,40.55,44.47,81.15,1
2026-06-13T14:16:57.275383,30.0,44.26,47.07,63.14,1
2026-06-13T14:16:57.275389,26.45,47.38,71.63,82.01,1
2026-06-13T14:16:57.275395,29.72,19.37,12.65,72.31,1
2026-06-13T14:16:57.275403,29.85,26.94,74.96,77.46,1
2026-06-13T14:16:57.275409,29.06,30.43,35.47,67.45,1
2026-06-13T14:16:57.275415,26.09,6.15,22.93,95.69,1
2026-06-13T14:16:57.275421,28.19,-15.12,59.56,71.25,1
2026-06-13T14:16:57.275427,29.58,48.09,65.75,66.7,1
2026-06-13T14:16:57.275433,29.56,24.79,43.53,97.07,1
2026-06-13T14:16:57.275439,29.38,44.94,19.42,66.62,1
2026-06-13T14:16:57.275445,28.05,59.39,20.78,68.38,1
2026-06-13T14:16:57.275450,29.02,29.93,75.46,70.01,1
2026-06-13T14:16:57.275456,29.82,-9.97,85.41,79.95,1
2026-06-13T14:16:57.275462,27.2,50.76,41.44,60.16,1
2026-06-13T14:16:57.275468,28.47,43.02,28.88,96.88,1
2026-06-13T14:16:57.275474,27.46,-10.63,11.21,67.9,1
2026-06-13T14:16:57.275480,28.67,57.22,19.07,68.21,1
2026-06-13T14:16:57.275486,29.52,48.96,12.68,56.12,1
2026-06-13T14:16:57.275494,27.25,16.4,14.8,78.51,1
2026-06-13T14:16:57.275500,26.8,32.15,70.09,51.03,1
2026-06-13T14:16:57.275506,27.51,-13.89,44.28,81.88,1
2026-06-13T14:16:57.275512,29.49,48.58,40.94,84.61,1
2026-06-13T14:16:57.275522,28.19,17.15,12.75,59.03,1
2026-06-13T14:16:57.275528,28.88,29.46,43.21,89.04,1
2026-06-13T14:16:57.275534,27.08,17.96,87.01,91.23,1
2026-06-13T14:16:57.275539,28.57,58.65,49.22,64.46,1
2026-06-13T14:16:57.275545,27.84,46.37,82.02,60.42,1
2026-06-13T14:16:57.275551,26.97,27.96,85.57,72.66,1
2026-06-13T14:16:57.275557,27.8,37.3,42.6,91.02,1
2026-06-13T14:16:57.275563,27.53,7.37,79.44,55.86,1
2026-06-13T14:16:57.275584,28.3,35.52,55.35,57.65,1
2026-06-13T14:16:57.275590,29.38,5.31,86.11,52.59,1
2026-06-13T14:16:57.275595,26.35,40.61,63.13,78.97,1
2026-06-13T14:16:57.275601,29.54,32.3,83.76,61.66,1
2026-06-13T14:16:57.275606,27.6,54.4,25.32,79.71,1
2026-06-13T14:16:57.275612,26.93,57.86,29.87,59.84,1
2026-06-13T14:16:57.275618,27.15,-13.24,65.89,51.77,1
2026-06-13T14:16:57.275623,28.63,29.7,40.17,60.65,1
2026-06-13T14:16:57.275629,26.19,-8.02,56.43,88.53,1
2026-06-13T14:16:57.275634,28.69,3.51,30.48,97.81,1
2026-06-13T14:16:57.275640,29.7,10.31,20.29,52.66,1
2026-06-13T14:16:57.275646,29.88,21.53,31.81,73.89,1
2026-06-13T14:16:57.275651,28.34,12.77,21.34,57.11,1
2026-06-13T14:16:57.275657,28.69,43.15,42.85,56.0,1
2026-06-13T14:16:57.275663,26.21,55.63,87.04,60.16,-1
2026-06-13T14:16:57.275668,28.28,7.25,15.4,52.5,1
2026-06-13T14:16:57.275674,28.03,28.96,63.07,95.14,1
2026-06-13T14:16:57.275679,26.65,15.08,20.57,77.09,1
2026-06-13T14:16:57.275685,27.85,-9.91,51.57,92.48,1
2026-06-13T14:16:57.275691,28.18,0.08,34.28,54.94,1
2026-06-13T14:16:57.275699,26.96,52.15,67.54,57.88,1
2026-06-13T14:16:57.275705,28.45,40.18,27.23,76.96,1
2026-06-13T14:16:57.275711,26.99,25.29,27.2,87.48,1
2026-06-13T14:16:57.275719,29.37,31.32,48.23,94.08,1
2026-06-13T14:16:57.275743,26.9,59.91,64.34,89.71,1
2026-06-13T14:16:57.275748,27.88,36.97,89.58,86.74,1
2026-06-13T14:16:57.275753,28.74,20.53,53.55,90.94,1
2026-06-13T14:16:57.275772,26.11,29.98,27.9,56.4,1
2026-06-13T14:16:57.275779,27.01,30.62,42.3,75.52,1
2026-06-13T14:16:57.275785,29.22,28.77,57.59,61.4,1
2026-06-13T14:16:57.275790,28.16,-13.46,80.44,96.93,1
2026-06-13T14:16:57.275795,26.03,37.95,33.3,50.49,-1
2026-06-13T14:16:57.275801,28.42,-1.27,48.91,74.58,1
2026-06-13T14:16:57.275806,28.77,-8.74,29.0,81.23,1
2026-06-13T14:16:57.275812,26.15,-0.86,70.2,98.19,1
2026-06-13T14:16:57.275817,28.57,54.16,85.02,62.8,1
2026-06-13T14:16:57.275823,27.26,8.44,54.19,86.79,1
2026-06-13T14:16:57.275828,26.9,47.19,87.98,61.53,1
2026-06-13T14:16:57.275834,28.38,9.92,11.96,55.51,1
2026-06-13T14:16:57.275840,28.64,2.11,81.79,66.38,1
2026-06-13T14:16:57.275845,26.5,18.43,54.24,55.6,1
2026-06-13T14:16:57.275850,28.35,35.84,89.87,79.15,1
2026-06-13T14:16:57.275856,28.97,52.08,30.58,63.34,1
2026-06-13T14:16:57.275861,26.22,52.12,75.5,79.16,1
2026-06-13T14:16:57.275867,29.53,16.47,18.82,96.82,1
2026-06-13T14:16:57.275872,29.0,10.69,32.14,64.63,1
2026-06-13T14:16:57.275877,29.53,48.42,20.23,78.12,1
2026-06-13T14:16:57.275883,26.99,45.44,19.51,65.75,1
2026-06-13T14:16:57.275888,26.26,-8.3,33.23,81.4,1
2026-06-13T14:16:57.275893,29.03,48.99,62.76,94.88,1
2026-06-13T14:16:57.275899,26.25,7.11,20.62,92.67,1
2026-06-13T14:16:57.275904,28.68,-2.44,54.33,70.73,1
2026-06-13T14:16:57.275913,28.42,2.51,35.45,89.25,1
2026-06-13T14:16:57.275918,26.72,48.96,28.93,67.42,1
2026-06-13T14:16:57.275924,26.04,36.08,18.47,66.34,1
2026-06-13T14:16:57.275932,29.34,-18.9,64.12,96.41,1
2026-06-13T14:16:57.275938,28.72,31.76,61.83,62.35,1
2026-06-13T14:16:57.275943,29.25,49.98,23.07,64.46,1
2026-06-13T14:16:57.275949,29.58,11.52,60.54,66.77,1
2026-06-13T14:16:57.275954,29.64,40.09,65.71,82.34,1
2026-06-13T14:16:57.275959,29.05,59.27,63.19,58.63,1
2026-06-13T14:16:57.275965,26.16,-6.49,68.02,79.78,1
2026-06-13T14:16:57.275970,27.13,-6.44,21.78,73.3,1
2026-06-13T14:16:57.275976,28.03,21.43,26.95,52.26,1
2026-06-13T14:16:57.275981,27.41,27.38,83.56,95.95,1
2026-06-13T14:16:57.275986,27.46,33.43,69.87,88.49,1
2026-06-13T14:16:57.275992,28.7,5.84,38.72,84.95,1
2026-06-13T14:16:57.275997,28.58,59.08,22.43,61.89,1
2026-06-13T14:16:57.276002,29.71,51.68,56.63,86.96,1
2026-06-13T14:16:57.276008,28.83,51.81,71.56,97.3,1
2026-06-13T14:16:57.276013,26.0,-14.56,34.82,60.75,1
2026-06-13T14:16:57.276019,26.84,16.78,50.03,97.11,1
2026-06-13T14:16:57.276024,28.34,4.4,14.28,77.39,1
2026-06-13T14:16:57.276030,27.86,23.01,20.13,67.93,1
2026-06-13T14:16:57.276035,28.77,15.8,56.72,66.58,1
2026-06-13T14:16:57.276043,28.07,-13.67,20.96,72.7,1
2026-06-13T14:16:57.276049,26.58,19.39,68.76,62.76,1
2026-06-13T14:16:57.276054,28.34,-3.49,16.89,89.89,1
2026-06-13T14:16:57.276060,26.85,41.76,17.1,78.46,1
2026-06-13T14:16:57.276065,27.78,-8.81,15.29,80.66,1
2026-06-13T14:16:57.276070,28.21,40.93,79.65,74.41,1
2026-06-13T14:16:57.276092,26.43,17.56,40.49,88.81,1
2026-06-13T14:16:57.276109,26.02,5.73,52.76,66.09,1
2026-06-13T14:16:57.276115,28.5,51.95,35.73,78.13,1
2026-06-13T14:16:57.276124,27.34,8.12,29.32,59.3,1
2026-06-13T14:16:57.276130,29.3,2.43,17.62,67.02,1
2026-06-13T14:16:57.276152,27.81,45.66,16.98,76.9,1
2026-06-13T14:16:57.276160,27.08,-9.73,12.7,66.23,1
2026-06-13T14:16:57.276166,29.87,9.17,63.12,63.55,1
2026-06-13T14:16:57.276172,27.35,52.59,54.62,60.9,1
2026-06-13T14:16:57.276178,26.04,4.57,15.66,88.6,1
2026-06-13T14:16:57.276187,28.55,9.4,27.72,93.77,1
2026-06-13T14:16:57.276193,28.75,9.7,57.35,50.81,1
2026-06-13T14:16:57.276199,26.27,3.39,13.8,93.73,1
2026-06-13T14:16:57.276205,27.22,0.16,78.2,56.93,1
2026-06-13T14:16:57.276211,29.44,50.21,28.97,87.28,1
2026-06-13T14:16:57.276221,29.16,57.47,45.06,93.05,1
2026-06-13T14:16:57.276227,28.72,43.07,60.5,90.3,1
2026-06-13T14:16:57.276233,28.33,35.66,83.99,90.96,1
2026-06-13T14:16:57.276239,26.58,15.95,43.52,96.02,1
2026-06-13T14:16:57.276245,27.89,53.37,24.53,80.02,1
2026-06-13T14:16:57.276251,26.29,-5.41,77.19,65.63,1
2026-06-13T14:16:57.276257,26.36,16.89,50.65,95.62,1
2026-06-13T14:16:57.276263,26.54,4.29,86.76,62.52,1
2026-06-13T14:16:57.276269,26.9,29.09,34.96,59.27,1
2026-06-13T14:16:57.276275,28.18,43.8,77.01,62.36,1
2026-06-13T14:16:57.276280,28.7,7.38,86.71,64.61,1
2026-06-13T14:16:57.276286,27.01,41.08,22.0,67.42,1
2026-06-13T14:16:57.276292,27.74,27.63,80.59,87.24,1
2026-06-13T14:16:57.276298,29.26,56.46,30.92,69.7,1
2026-06-13T14:16:57.276304,28.32,-6.79,89.99,63.96,1
2026-06-13T14:16:57.276310,29.69,23.35,51.47,63.17,1
2026-06-13T14:16:57.276316,26.48,21.64,20.72,54.26,1
2026-06-13T14:16:57.276322,26.98,38.95,76.08,74.32,1
2026-06-13T14:16:57.276327,27.18,42.87,12.7,91.63,1
2026-06-13T14:16:57.276333,26.15,33.58,80.02,54.91,1
2026-06-13T14:16:57.276342,28.37,-10.77,78.61,89.29,1
2026-06-13T14:16:57.276348,28.45,38.51,46.03,84.95,1
2026-06-13T14:16:57.276355,27.03,20.85,16.32,93.85,1
2026-06-13T14:16:57.276364,27.85,35.01,70.53,62.61,1
2026-06-13T14:16:57.276370,29.44,9.05,44.54,93.78,1
2026-06-13T14:16:57.276376,27.26,27.22,22.27,65.29,1
2026-06-13T14:16:57.276382,28.75,13.53,81.42,58.96,1
2026-06-13T14:16:57.276387,28.97,31.46,30.51,83.15,1
2026-06-13T14:16:57.276393,28.82,21.74,28.91,71.46,1
2026-06-13T14:16:57.276399,26.38,-16.65,30.09,89.15,1
2026-06-13T14:16:57.276405,26.67,34.92,46.74,97.22,1
2026-06-13T14:16:57.276414,28.67,54.42,83.86,89.41,1
2026-06-13T14:16:57.276420,28.77,-13.67,41.45,51.31,1
2026-06-13T14:16:57.276425,27.3,-4.97,45.38,93.19,1
2026-06-13T14:16:57.276431,26.2,-0.16,84.05,89.26,1
2026-06-13T14:16:57.276437,26.6,21.44,60.76,81.51,1
2026-06-13T14:16:57.276443,29.65,49.0,85.29,72.92,1
2026-06-13T14:16:57.276449,28.25,41.1,41.59,82.74,1
2026-06-13T14:16:57.276455,27.12,56.25,29.77,62.06,1
2026-06-13T14:16:57.276461,27.85,-3.73,51.83,98.88,1
2026-06-13T14:16:57.276467,26.95,-7.25,70.36,62.13,1
2026-06-13T14:16:57.276473,29.34,33.55,40.44,87.86,1
2026-06-13T14:16:57.276479,27.15,26.3,54.45,64.07,1
2026-06-13T14:16:57.276484,29.66,44.89,54.33,87.82,1
2026-06-13T14:16:57.276490,27.58,-13.81,28.73,73.97,1
2026-06-13T14:16:57.276496,26.19,18.19,84.02,74.34,1
2026-06-13T14:16:57.276502,27.24,-14.69,86.85,96.34,1
2026-06-13T14:16:57.276508,28.06,41.71,29.79,75.1,1
2026-06-13T14:16:57.276514,29.05,54.35,54.35,67.78,1
2026-06-13T14:16:57.276520,29.26,44.9,58.29,64.01,1
2026-06-13T14:16:57.276525,29.64,-17.93,88.87,80.06,-1
2026-06-13T14:16:57.276531,28.21,2.61,56.27,67.84,1
2026-06-13T14:16:57.276541,26.97,-17.04,55.36,73.11,1
2026-06-13T14:16:57.276547,27.64,59.08,49.75,56.98,1
2026-06-13T14:16:57.276555,28.02,-15.64,67.02,59.66,1
2026-06-13T14:16:57.276562,27.6,12.42,30.46,60.0,1
2026-06-13T14:16:57.276568,28.87,41.09,61.0,86.81,1
2026-06-13T14:16:57.276573,29.99,13.78,22.4,98.98,-1
2026-06-13T14:16:57.276579,28.63,43.08,78.46,80.49,1
2026-06-13T14:16:57.276603,26.91,3.06,47.22,71.26,1
2026-06-13T14:16:57.276609,27.9,12.66,66.28,64.67,1
2026-06-13T14:16:57.276615,29.06,52.71,17.21,50.88,1
2026-06-13T14:16:57.276621,26.89,45.66,83.04,90.54,1
2026-06-13T14:16:57.276626,26.87,44.56,89.86,51.33,-1
2026-06-13T14:16:57.276632,29.03,41.72,12.7,63.32,1
2026-06-13T14:16:57.276638,27.01,40.97,79.19,75.51,1
2026-06-13T14:16:57.276643,27.37,7.7,83.68,93.88,1
2026-06-13T14:16:57.276649,29.79,-1.61,53.32,52.42,1
2026-06-13T14:16:57.276655,26.65,-17.4,48.02,56.42,1
2026-06-13T14:16:57.276660,29.77,8.23,40.25,77.03,1
2026-06-13T14:16:57.276666,27.21,29.56,80.81,91.8,1
2026-06-13T14:16:57.276672,26.61,57.0,47.0,68.37,1
2026-06-13T14:16:57.276677,29.08,43.46,81.6,56.82,1
2026-06-13T14:16:57.276683,26.46,18.48,30.2,65.52,1
2026-06-13T14:16:57.276688,29.18,31.31,16.86,53.2,1
2026-06-13T14:16:57.276694,29.73,-15.3,12.99,65.47,1
2026-06-13T14:16:57.276700,27.9,-9.0,83.24,52.24,1
2026-06-13T14:16:57.276705,29.66,43.93,17.55,58.79,1
2026-06-13T14:16:57.276711,27.44,5.75,11.81,81.58,1
2026-06-13T14:16:57.276720,26.64,50.77,66.53,97.51,1
2026-06-13T14:16:57.276726,27.59,23.61,29.46,52.55,1
2026-06-13T14:16:57.276735,27.18,-1.81,32.77,66.58,1
2026-06-13T14:16:57.276740,27.79,25.06,89.4,90.47,1
2026-06-13T14:16:57.276746,29.8,36.24,13.76,79.81,1
2026-06-13T14:16:57.276755,28.87,21.87,77.81,79.76,1
2026-06-13T14:16:57.276760,27.78,34.72,54.27,65.32,1
2026-06-13T14:16:57.276797,28.87,-2.85,38.45,53.67,1
2026-06-13T14:16:57.276805,26.68,-13.12,49.34,90.73,1
2026-06-13T14:16:57.276811,29.11,47.48,66.48,63.63,1
2026-06-13T14:16:57.276816,28.82,-0.33,34.64,55.54,1
2026-06-13T14:16:57.276822,28.71,-5.84,70.06,73.29,1
2026-06-13T14:16:57.276828,28.11,5.78,30.71,88.45,1
2026-06-13T14:16:57.276834,28.17,20.53,41.31,62.99,1
2026-06-13T14:16:57.276840,26.22,-12.74,79.28,77.21,1
2026-06-13T14:16:57.276846,28.96,27.63,70.03,92.0,1
2026-06-13T14:16:57.276852,27.37,-7.43,78.24,62.09,1
2026-06-13T14:16:57.276858,29.72,-15.18,70.44,76.63,1
2026-06-13T14:16:57.276864,28.08,29.61,29.81,64.75,1
2026-06-13T14:16:57.276869,28.69,5.2,29.26,99.22,1
2026-06-13T14:16:57.276875,29.18,-16.96,19.1,63.8,1
2026-06-13T14:16:57.276881,29.2,53.98,58.0,70.95,1
2026-06-13T14:16:57.276887,28.32,-6.03,46.65,68.24,1
2026-06-13T14:16:57.276893,28.82,-8.0,89.4,74.32,1
2026-06-13T14:16:57.276899,26.96,-12.68,80.66,78.79,1
2026-06-13T14:16:57.276905,28.25,57.2,81.0,77.41,1
2026-06-13T14:16:57.276911,26.58,28.71,71.62,57.95,1
2026-06-13T14:16:57.276917,29.01,14.49,41.04,51.15,1
2026-06-13T14:16:57.276923,28.67,52.06,76.09,69.25,1
2026-06-13T14:16:57.276929,29.27,-7.45,26.63,51.07,1
2026-06-13T14:16:57.276935,26.9,36.62,76.56,52.94,1
2026-06-13T14:16:57.276941,29.46,1.71,69.71,51.9,1
2026-06-13T14:16:57.276947,26.24,-19.23,77.53,90.81,-1
2026-06-13T14:16:57.276953,26.27,5.85,16.01,51.14,1
2026-06-13T14:16:57.276959,28.8,11.72,75.68,58.56,1
2026-06-13T14:16:57.276965,29.07,39.96,41.59,57.69,1
2026-06-13T14:16:57.276977,27.8,21.12,61.04,66.8,1
2026-06-13T14:16:57.276984,29.38,14.72,82.3,81.53,1
2026-06-13T14:16:57.276990,29.04,10.28,46.42,72.42,1
2026-06-13T14:16:57.276999,29.69,-15.91,81.33,64.79,1
2026-06-13T14:16:57.277005,29.19,-14.43,27.59,88.96,1
2026-06-13T14:16:57.277011,28.18,27.31,49.97,72.19,1
2026-06-13T14:16:57.277017,26.76,23.51,24.95,66.58,1
2026-06-13T14:16:57.277025,29.59,49.12,85.9,74.1,1
2026-06-13T14:16:57.277032,26.29,57.64,66.74,57.15,1
2026-06-13T14:16:57.277037,29.63,-9.53,48.08,70.14,1
2026-06-13T14:16:57.277043,28.89,-1.19,29.47,65.16,1
2026-06-13T14:16:57.277049,29.65,24.83,81.93,99.97,1
2026-06-13T14:16:57.277055,28.94,27.8,83.32,94.41,1
2026-06-13T14:16:57.277061,26.4,27.65,83.66,63.24,1
2026-06-13T14:16:57.277067,27.82,33.65,71.97,80.1,1
2026-06-13T14:16:57.277073,27.17,-11.92,69.39,53.11,1
2026-06-13T14:16:57.277079,29.17,37.75,27.22,97.34,1
2026-06-13T14:16:57.277088,28.96,46.18,74.3,51.89,1
2026-06-13T14:16:57.277094,28.77,7.45,38.98,50.5,1
2026-06-13T14:16:57.277100,29.24,-14.08,22.64,91.23,1
2026-06-13T14:16:57.277106,28.25,-14.93,42.85,66.58,1
2026-06-13T14:16:57.277112,26.35,34.89,60.35,72.14,1
2026-06-13T14:16:57.277118,27.08,-1.48,65.88,65.81,1
2026-06-13T14:16:57.277124,29.21,-16.66,37.65,66.83,1
2026-06-13T14:16:57.277130,26.6,48.11,10.36,65.0,-1
2026-06-13T14:16:57.277136,28.71,-18.52,39.14,95.13,1
2026-06-13T14:16:57.277141,28.51,46.01,54.82,66.58,1
2026-06-13T14:16:57.277147,26.22,-10.58,70.37,72.97,1
2026-06-13T14:16:57.277153,26.75,-4.07,75.28,61.13,1
2026-06-13T14:16:57.277159,29.33,0.25,10.34,93.52,1
2026-06-13T14:16:57.277165,29.59,-11.63,79.95,83.0,1
2026-06-13T14:16:57.277171,27.17,46.61,60.0,86.56,1
2026-06-13T14:16:57.277180,29.93,-3.15,51.03,90.77,1
2026-06-13T14:16:57.277186,27.96,15.33,61.05,65.57,1
2026-06-13T14:16:57.277192,28.02,11.57,85.6,85.84,1
2026-06-13T14:16:57.277201,26.97,34.88,51.55,53.28,1
2026-06-13T14:16:57.277207,29.09,12.69,59.62,61.82,1
2026-06-13T14:16:57.277213,27.85,-3.74,21.47,67.44,1
2026-06-13T14:16:57.277219,29.73,28.04,37.07,95.23,1
2026-06-13T14:16:57.277225,28.94,45.88,13.39,59.6,1
2026-06-13T14:16:57.277231,29.01,-19.67,56.55,93.16,1
2026-06-13T14:16:57.277237,26.28,14.04,74.96,80.67,1
2026-06-13T14:16:57.277243,29.35,40.47,15.5,52.4,1
2026-06-13T14:16:57.277249,27.05,39.15,15.73,73.84,1
2026-06-13T14:16:57.277255,29.12,-6.64,81.53,82.42,1
2026-06-13T14:16:57.277261,29.33,49.1,68.85,71.38,1
2026-06-13T14:16:57.277267,29.46,5.3,11.0,64.77,1
2026-06-13T14:16:57.277272,27.07,48.13,20.35,78.46,1
2026-06-13T14:16:57.277278,28.35,6.39,85.41,90.91,1
2026-06-13T14:16:57.277284,29.06,45.88,43.15,68.79,1
2026-06-13T14:16:57.277290,26.5,-11.74,10.09,80.72,-1
2026-06-13T14:16:57.277296,28.72,56.19,74.54,51.22,1
2026-06-13T14:16:57.277302,27.17,21.87,15.31,55.32,1
2026-06-13T14:16:57.277308,27.46,6.52,35.59,78.24,1
2026-06-13T14:16:57.277313,28.2,-6.86,32.24,93.12,1
2026-06-13T14:16:57.277319,27.23,29.74,21.93,96.82,1
2026-06-13T14:16:57.277325,26.08,54.19,11.55,64.11,-1
2026-06-13T14:16:57.277331,28.09,2.96,73.57,64.34,1
2026-06-13T14:16:57.277337,28.49,-1.78,28.42,76.69,1
2026-06-13T14:16:57.277343,28.16,37.77,61.0,64.45,1
2026-06-13T14:16:57.277364,29.21,50.73,29.36,78.1,1
2026-06-13T14:16:57.277370,27.94,55.23,71.75,59.46,1
2026-06-13T14:16:57.277375,26.16,20.68,27.32,75.87,1
2026-06-13T14:16:57.277381,29.95,-0.13,33.23,68.61,1
2026-06-13T14:16:57.277389,28.51,24.09,35.76,59.56,1
2026-06-13T14:16:57.277395,27.1,27.79,35.17,80.86,1
2026-06-13T14:16:57.277403,26.73,9.41,72.46,58.31,1
2026-06-13T14:16:57.277409,27.44,57.87,86.98,70.14,1
2026-06-13T14:16:57.277418,26.42,1.76,11.27,60.65,1
2026-06-13T14:16:57.277424,27.33,-14.33,51.71,90.02,1
2026-06-13T14:16:57.277429,26.47,43.23,76.7,93.93,1
2026-06-13T14:16:57.277438,28.31,-9.34,65.96,64.96,1
2026-06-13T14:16:57.277444,27.81,54.56,77.7,55.83,1
2026-06-13T14:16:57.277449,28.29,53.97,14.71,71.15,1
2026-06-13T14:16:57.277455,28.06,7.17,28.64,51.42,1
2026-06-13T14:16:57.277461,28.18,-5.02,23.29,50.55,1
2026-06-13T14:16:57.277467,29.58,-4.97,58.94,56.98,1
2026-06-13T14:16:57.277472,28.49,30.3,31.48,63.84,1
2026-06-13T14:16:57.277478,26.42,54.91,25.36,66.87,1
2026-06-13T14:16:57.277483,28.74,37.96,47.85,63.28,1
2026-06-13T14:16:57.277489,26.68,33.24,48.76,99.71,1
2026-06-13T14:16:57.277495,26.29,33.5,21.04,96.37,1
2026-06-13T14:16:57.277500,29.09,52.21,89.03,56.6,1
2026-06-13T14:16:57.277506,28.24,-16.36,44.32,78.97,1
2026-06-13T14:16:57.277512,28.89,4.83,10.34,59.55,1
2026-06-13T14:16:57.277517,27.26,19.34,61.39,99.33,1
2026-06-13T14:16:57.277523,27.36,-12.53,11.6,58.53,1
2026-06-13T14:16:57.277529,27.51,47.42,64.67,83.44,1
2026-06-13T14:16:57.277534,26.56,59.19,23.34,67.05,1
2026-06-13T14:16:57.277540,29.22,59.13,89.2,90.32,-1
2026-06-13T14:16:57.277546,27.31,41.93,55.05,68.64,1
2026-06-13T14:16:57.277555,27.42,-10.92,53.77,65.12,1
2026-06-13T14:16:57.277562,29.9,35.18,40.2,98.16,1
2026-06-13T14:16:57.277568,26.34,-11.2,80.48,73.88,1
2026-06-13T14:16:57.277574,27.37,58.9,56.17,74.61,1
2026-06-13T14:16:57.277580,26.04,59.34,27.44,88.26,-1
2026-06-13T14:16:57.277589,27.52,23.9,62.74,72.76,1
2026-06-13T14:16:57.277595,26.43,-3.2,15.66,77.11,1
2026-06-13T14:16:57.277603,28.72,38.36,18.97,83.99,1
2026-06-13T14:16:57.277609,29.84,29.15,83.92,56.45,1
2026-06-13T14:16:57.277614,27.58,-4.4,53.71,88.73,1
2026-06-13T14:16:57.277620,26.05,-6.56,53.23,85.25,1
2026-06-13T14:16:57.277626,29.04,55.29,16.19,71.47,1
2026-06-13T14:16:57.277631,29.65,18.28,79.65,86.14,1
2026-06-13T14:16:57.277637,27.58,-14.61,82.78,83.3,1
2026-06-13T14:16:57.277642,29.43,24.14,15.1,55.76,1
2026-06-13T14:16:57.277648,26.59,-7.04,31.59,84.52,1
2026-06-13T14:16:57.277654,27.73,37.33,65.01,65.2,1
2026-06-13T14:16:57.277659,29.63,47.21,31.48,56.05,1
2026-06-13T14:16:57.277665,29.75,-8.41,11.58,55.08,-1
2026-06-13T14:16:57.277671,29.69,14.97,45.1,80.8,1
2026-06-13T14:16:57.277676,27.11,-18.44,67.07,50.1,1
2026-06-13T14:16:57.277682,29.42,59.27,85.74,97.98,-1
2026-06-13T14:16:57.277688,26.86,-11.29,28.56,88.03,1
2026-06-13T14:16:57.277693,28.64,47.7,52.02,69.28,1
2026-06-13T14:16:57.277699,27.93,24.44,66.56,70.85,1
2026-06-13T14:16:57.277704,29.99,27.69,73.66,56.2,1
2026-06-13T14:16:57.277710,29.33,26.09,82.51,92.3,1
2026-06-13T14:16:57.277716,28.16,4.31,50.64,72.45,1
2026-06-13T14:16:57.277721,28.7,-10.78,67.27,87.07,1
2026-06-13T14:16:57.277731,29.55,6.11,85.13,80.12,1
2026-06-13T14:16:57.277737,26.83,21.54,56.35,64.37,1
2026-06-13T14:16:57.277742,28.27,-14.01,10.76,76.26,1
2026-06-13T14:16:57.277748,29.37,19.03,11.49,77.54,1
2026-06-13T14:16:57.277754,28.71,36.17,20.5,73.97,1
2026-06-13T14:16:57.277759,28.28,41.08,29.45,59.54,1
2026-06-13T14:16:57.277777,29.59,19.46,72.97,97.84,1
2026-06-13T14:16:57.277784,29.02,-11.57,81.66,64.39,1
2026-06-13T14:16:57.277794,26.48,3.14,70.67,68.82,1
2026-06-13T14:16:57.277800,29.33,3.08,34.37,56.55,1
2026-06-13T14:16:57.277809,28.51,25.01,59.73,85.53,1
2026-06-13T14:16:57.277815,28.74,48.05,54.27,55.37,1
2026-06-13T14:16:57.277821,28.0,26.72,37.28,63.57,1
2026-06-13T14:16:57.277827,26.09,40.97,64.26,64.66,1
2026-06-13T14:16:57.277833,29.92,49.11,88.78,52.82,-1
2026-06-13T14:16:57.277842,29.48,-19.71,81.08,74.92,1
2026-06-13T14:16:57.277848,27.41,12.35,34.48,55.37,1
2026-06-13T14:16:57.277854,29.53,15.61,13.7,69.58,1
2026-06-13T14:16:57.277860,28.58,-12.93,38.79,73.85,1
2026-06-13T14:16:57.277866,29.61,52.43,24.07,66.74,1
2026-06-13T14:16:57.277872,27.19,-13.12,41.43,53.9,1
2026-06-13T14:16:57.277878,26.69,56.68,89.46,79.0,1
2026-06-13T14:16:57.277884,29.14,32.72,32.76,64.57,1
2026-06-13T14:16:57.277889,29.34,58.93,10.48,81.97,-1
2026-06-13T14:16:57.277895,28.87,-4.32,46.52,53.93,1
2026-06-13T14:16:57.277901,26.88,29.01,36.91,75.67,1
2026-06-13T14:16:57.277907,27.38,25.55,24.65,73.0,1
2026-06-13T14:16:57.277913,29.58,41.44,66.01,81.71,1
2026-06-13T14:16:57.277919,28.21,6.5,48.04,90.74,1
2026-06-13T14:16:57.277925,26.12,-13.41,87.07,92.61,-1
2026-06-13T14:16:57.277931,28.89,-8.55,62.63,76.56,1
2026-06-13T14:16:57.277937,27.61,0.66,35.8,56.94,1
2026-06-13T14:16:57.277943,26.27,41.66,81.68,89.2,1
2026-06-13T14:16:57.277949,29.18,-9.69,52.96,92.15,1
2026-06-13T14:16:57.277955,29.04,-6.08,36.32,50.84,1
2026-06-13T14:16:57.277961,26.35,8.17,25.2,88.95,1
2026-06-13T14:16:57.277966,27.17,52.96,42.62,93.49,1
2026-06-13T14:16:57.277972,29.64,15.92,38.69,98.74,1
2026-06-13T14:16:57.277978,28.95,15.61,62.2,90.68,1
2026-06-13T14:16:57.277984,29.23,30.03,23.27,62.07,1
2026-06-13T14:16:57.277993,29.44,18.56,42.74,71.92,1
2026-06-13T14:16:57.277999,26.49,57.56,20.78,77.32,1
2026-06-13T14:16:57.278008,26.83,27.05,20.65,68.16,1
2026-06-13T14:16:57.278014,27.25,-6.13,66.45,70.21,1
2026-06-13T14:16:57.278020,28.41,9.74,72.66,57.98,1
2026-06-13T14:16:57.278026,28.17,50.95,85.23,50.47,-1
2026-06-13T14:16:57.278032,29.97,30.55,78.7,78.97,1
2026-06-13T14:16:57.278038,28.5,35.59,22.98,51.05,1
2026-06-13T14:16:57.278044,27.06,29.28,64.77,86.72,1
2026-06-13T14:16:57.278049,26.14,59.26,85.04,75.51,-1
2026-06-13T14:16:57.278058,27.12,31.98,17.78,99.84,1
2026-06-13T14:16:57.278065,29.45,2.42,41.17,53.52,1
2026-06-13T14:16:57.278071,27.66,53.79,19.52,97.55,1
2026-06-13T14:16:57.278077,27.3,50.28,32.92,95.93,1
2026-06-13T14:16:57.278083,29.52,23.42,15.32,79.63,1
2026-06-13T14:16:57.278089,29.31,12.64,39.58,98.89,1
2026-06-13T14:16:57.278095,29.15,54.04,48.33,65.91,1
2026-06-13T14:16:57.278100,26.19,2.26,59.43,78.05,1
2026-06-13T14:16:57.278106,28.47,13.24,85.32,84.94,1
2026-06-13T14:16:57.278112,28.47,-10.17,73.21,51.42,1
2026-06-13T14:16:57.278118,29.42,7.11,25.74,87.33,1
2026-06-13T14:16:57.278124,29.47,14.77,14.49,89.46,1
2026-06-13T14:16:57.278130,27.06,2.57,89.66,95.56,1
2026-06-13T14:16:57.278151,26.91,29.03,64.83,69.27,1
2026-06-13T14:16:57.278157,29.51,46.64,84.51,57.96,1
2026-06-13T14:16:57.278163,29.87,-12.73,85.12,83.55,1
2026-06-13T14:16:57.278169,27.61,24.92,38.77,67.51,1
2026-06-13T14:16:57.278175,28.17,20.44,45.62,53.63,1
2026-06-13T14:16:57.278181,27.35,58.92,49.77,74.6,1
2026-06-13T14:16:57.278186,28.48,-17.56,40.72,68.61,1
2026-06-13T14:16:57.278192,28.24,50.02,44.52,86.54,1
2026-06-13T14:16:57.278198,26.17,-1.61,17.68,95.57,1
2026-06-13T14:16:57.278207,27.15,3.53,33.87,85.33,1
2026-06-13T14:16:57.278216,29.76,4.07,38.62,52.6,1
2026-06-13T14:16:57.278222,28.27,-13.97,74.17,86.43,1
2026-06-13T14:16:57.278228,27.04,-19.15,66.34,84.4,1
2026-06-13T14:16:57.278234,29.99,-4.11,55.27,82.02,1
2026-06-13T14:16:57.278240,26.24,0.41,86.24,98.41,-1
2026-06-13T14:16:57.278246,29.37,47.29,51.16,97.95,1
2026-06-13T14:16:57.278254,27.68,-5.9,46.24,96.92,1
2026-06-13T14:16:57.278260,27.95,32.54,80.89,99.35,1
2026-06-13T14:16:57.278266,27.93,48.64,26.27,51.4,1
2026-06-13T14:16:57.278272,27.83,25.61,22.16,75.66,1
2026-06-13T14:16:57.278278,29.92,26.3,65.57,89.61,1
2026-06-13T14:16:57.278284,27.86,-15.2,57.01,59.15,1
2026-06-13T14:16:57.278290,28.17,19.3,61.06,50.85,1
2026-06-13T14:16:57.278295,26.32,17.64,32.03,83.18,1
2026-06-13T14:16:57.278302,27.12,12.56,73.44,69.41,1
2026-06-13T14:16:57.278308,28.02,49.06,39.2,94.28,1
2026-06-13T14:16:57.278314,28.97,50.88,67.84,82.18,1
2026-06-13T14:16:57.278319,26.74,11.25,34.12,56.36,1
2026-06-13T14:16:57.278325,26.04,39.83,20.97,78.02,1
2026-06-13T14:16:57.278331,26.85,8.19,78.58,51.79,1
2026-06-13T14:16:57.278337,26.04,34.67,41.82,56.01,1
2026-06-13T14:16:57.278343,27.83,-15.83,69.36,78.33,1
2026-06-13T14:16:57.278348,28.31,55.54,20.68,97.25,1
2026-06-13T14:16:57.278354,29.43,24.06,49.7,55.46,1
2026-06-13T14:16:57.278360,28.39,26.43,60.33,92.59,1
2026-06-13T14:16:57.278366,26.32,52.88,66.24,97.48,1
2026-06-13T14:16:57.278372,29.54,18.99,69.96,90.15,1
2026-06-13T14:16:57.278377,26.25,-4.4,18.47,86.96,1
2026-06-13T14:16:57.278387,29.05,27.02,12.31,57.74,1
2026-06-13T14:16:57.278393,28.8,-11.25,51.76,53.2,1
2026-06-13T14:16:57.278399,26.69,43.73,67.41,53.39,1
2026-06-13T14:16:57.278407,26.18,46.09,76.91,92.95,1
2026-06-13T14:16:57.278416,28.01,25.54,42.2,95.64,1
2026-06-13T14:16:57.278422,27.6,5.16,83.77,81.07,1
2026-06-13T14:16:57.278428,26.69,12.61,22.05,76.45,1
2026-06-13T14:16:57.278434,29.94,-8.1,25.52,55.55,-1
2026-06-13T14:16:57.278440,26.79,-13.81,74.99,72.98,1
2026-06-13T14:16:57.278446,26.48,0.14,35.8,63.26,1
2026-06-13T14:16:57.278452,27.99,55.22,12.45,51.45,1
2026-06-13T14:16:57.278458,29.55,-5.88,68.75,78.31,1
2026-06-13T14:16:57.278463,27.78,-1.41,61.64,70.19,1
